run_id,brake_profile,target_mph,encounter_distance_m,walker_speed_mps,walker_side,walker_cross,trigger_ttc_s,braking_ramp_up_per_s,brake_headway_s,weather_preset,hazard_triggered,collision_detected,outcome,min_ped_distance_m,min_ttc_s,max_jerk_mps3,mean_jerk_mps3,ego_speed_at_trigger_mph,ego_speed_at_trigger_mps,time_to_stop_s,physics_label,margin_m
run_0000,SAC_v3_1600k,22.0,60.0,1.8,left,near,1.8,4.0,2.5,ClearSunset,True,False,full_stop,2.737,0.537,408.16,13.42,21.82,9.753,1.02,borderline-avoidable,3.88
run_0001,SAC_v3_1600k,22.0,60.0,1.8,left,near,1.8,4.0,5.0,ClearSunset,True,False,full_stop,2.736,0.534,408.16,13.57,21.82,9.753,1.02,borderline-avoidable,3.88
run_0008,SAC_v3_1600k,22.0,60.0,1.8,left,near,2.2,4.0,2.5,ClearSunset,True,False,full_stop,6.898,1.191,408.16,14.16,21.8,9.746,0.94,borderline-avoidable,7.82
run_0009,SAC_v3_1600k,22.0,60.0,1.8,left,near,2.2,4.0,5.0,ClearSunset,True,False,full_stop,6.904,1.193,408.16,14.16,21.8,9.746,0.94,borderline-avoidable,7.82
run_0016,SAC_v3_1600k,22.0,60.0,1.8,left,near,2.6,4.0,2.5,ClearSunset,True,False,full_stop,11.201,1.745,408.16,15.51,21.78,9.738,1.0,avoidable,11.75
run_0017,SAC_v3_1600k,22.0,60.0,1.8,left,near,2.6,4.0,5.0,ClearSunset,True,False,full_stop,11.523,1.747,408.16,15.23,21.78,9.738,0.94,avoidable,11.75
run_0024,SAC_v3_1600k,22.0,60.0,1.8,left,near,3.0,4.0,2.5,ClearSunset,True,False,full_stop,8.398,1.623,408.16,14.29,21.78,9.735,1.58,avoidable,15.69
run_0025,SAC_v3_1600k,22.0,60.0,1.8,left,near,3.0,4.0,5.0,ClearSunset,True,False,full_stop,12.91,1.899,408.16,15.58,21.78,9.735,0.94,avoidable,15.69
run_0032,SAC_v3_1600k,22.0,60.0,1.8,left,near,3.5,4.0,2.5,ClearSunset,True,False,full_stop,15.695,2.579,408.16,15.89,21.75,9.721,1.48,avoidable,20.6
run_0033,SAC_v3_1600k,22.0,60.0,1.8,left,near,3.5,4.0,5.0,ClearSunset,True,False,full_stop,19.131,2.592,408.16,17.32,21.75,9.721,0.96,avoidable,20.6
run_0040,SAC_v3_1600k,22.0,60.0,1.8,left,far,1.8,4.0,2.5,ClearSunset,True,False,full_stop,2.717,0.535,408.16,13.57,21.82,9.753,1.02,borderline-avoidable,3.88
run_0041,SAC_v3_1600k,22.0,60.0,1.8,left,far,1.8,4.0,5.0,ClearSunset,True,False,full_stop,2.717,0.533,408.16,13.54,21.82,9.753,1.02,borderline-avoidable,3.88
run_0048,SAC_v3_1600k,22.0,60.0,1.8,left,far,2.2,4.0,2.5,ClearSunset,True,False,full_stop,6.895,1.191,408.16,14.16,21.8,9.746,0.94,avoidable,inf
run_0049,SAC_v3_1600k,22.0,60.0,1.8,left,far,2.2,4.0,5.0,ClearSunset,True,False,full_stop,6.901,1.193,408.16,14.16,21.8,9.746,0.94,avoidable,inf
run_0056,SAC_v3_1600k,22.0,60.0,1.8,left,far,2.6,4.0,2.5,ClearSunset,True,False,full_stop,11.199,1.745,408.16,15.51,21.78,9.738,1.0,avoidable,inf
run_0057,SAC_v3_1600k,22.0,60.0,1.8,left,far,2.6,4.0,5.0,ClearSunset,True,False,full_stop,11.52,1.747,408.16,15.23,21.78,9.738,0.94,avoidable,inf
run_0064,SAC_v3_1600k,22.0,60.0,1.8,left,far,3.0,4.0,2.5,ClearSunset,True,False,full_stop,8.545,1.632,408.16,14.3,21.78,9.735,1.58,avoidable,inf
run_0065,SAC_v3_1600k,22.0,60.0,1.8,left,far,3.0,4.0,5.0,ClearSunset,True,False,full_stop,12.915,1.899,408.16,15.58,21.78,9.735,0.94,avoidable,inf
run_0072,SAC_v3_1600k,22.0,60.0,1.8,left,far,3.5,4.0,2.5,ClearSunset,True,False,full_stop,15.758,2.579,408.16,15.98,21.75,9.721,1.48,avoidable,inf
run_0073,SAC_v3_1600k,22.0,60.0,1.8,left,far,3.5,4.0,5.0,ClearSunset,True,False,full_stop,19.13,2.592,408.16,17.32,21.75,9.721,0.96,avoidable,inf
run_0080,SAC_v3_1600k,22.0,120.0,1.8,left,near,1.8,4.0,2.5,ClearSunset,True,True,collision,2.699,0.513,408.16,6.81,21.98,9.827,,borderline-avoidable,3.88
run_0081,SAC_v3_1600k,22.0,120.0,1.8,left,near,1.8,4.0,5.0,ClearSunset,True,True,collision,2.691,0.51,408.16,6.79,21.98,9.827,,borderline-avoidable,3.88
run_0088,SAC_v3_1600k,22.0,120.0,1.8,left,near,2.2,4.0,2.5,ClearSunset,True,False,full_stop,6.659,1.159,408.16,7.46,21.98,9.827,0.98,borderline-avoidable,7.82
run_0089,SAC_v3_1600k,22.0,120.0,1.8,left,near,2.2,4.0,5.0,ClearSunset,True,False,full_stop,6.666,1.162,408.16,7.45,21.98,9.827,0.98,borderline-avoidable,7.82
run_0096,SAC_v3_1600k,22.0,120.0,1.8,left,near,2.6,4.0,2.5,ClearSunset,True,False,full_stop,10.771,1.71,408.16,7.87,21.98,9.826,1.06,avoidable,11.75
run_0097,SAC_v3_1600k,22.0,120.0,1.8,left,near,2.6,4.0,5.0,ClearSunset,True,False,full_stop,10.98,1.71,408.16,7.7,21.98,9.826,1.02,avoidable,11.75
run_0104,SAC_v3_1600k,22.0,120.0,1.8,left,near,3.0,4.0,2.5,ClearSunset,True,False,full_stop,12.266,1.881,408.16,7.94,21.98,9.825,1.06,avoidable,15.69
run_0105,SAC_v3_1600k,22.0,120.0,1.8,left,near,3.0,4.0,5.0,ClearSunset,True,False,full_stop,12.872,1.898,408.16,7.84,21.98,9.825,0.96,avoidable,15.69
run_0112,SAC_v3_1600k,22.0,120.0,1.8,left,near,3.5,4.0,2.5,ClearSunset,True,False,full_stop,15.411,2.566,408.16,7.89,21.96,9.819,1.54,avoidable,20.6
run_0113,SAC_v3_1600k,22.0,120.0,1.8,left,near,3.5,4.0,5.0,ClearSunset,True,False,full_stop,18.638,2.567,408.16,8.18,21.96,9.819,1.04,avoidable,20.6
run_0120,SAC_v3_1600k,22.0,120.0,1.8,left,far,1.8,4.0,2.5,ClearSunset,True,False,full_stop,2.682,0.511,408.16,7.37,21.98,9.827,1.06,borderline-avoidable,3.88
run_0121,SAC_v3_1600k,22.0,120.0,1.8,left,far,1.8,4.0,5.0,ClearSunset,True,False,full_stop,2.679,0.509,408.16,7.36,21.98,9.827,1.06,borderline-avoidable,3.88
run_0128,SAC_v3_1600k,22.0,120.0,1.8,left,far,2.2,4.0,2.5,ClearSunset,True,False,full_stop,6.659,1.158,408.16,7.46,21.98,9.827,0.98,avoidable,inf
run_0129,SAC_v3_1600k,22.0,120.0,1.8,left,far,2.2,4.0,5.0,ClearSunset,True,False,full_stop,6.665,1.161,408.16,7.45,21.98,9.827,0.98,avoidable,inf
run_0136,SAC_v3_1600k,22.0,120.0,1.8,left,far,2.6,4.0,2.5,ClearSunset,True,False,full_stop,10.77,1.71,408.16,7.87,21.98,9.826,1.06,avoidable,inf
run_0137,SAC_v3_1600k,22.0,120.0,1.8,left,far,2.6,4.0,5.0,ClearSunset,True,False,full_stop,10.978,1.71,408.16,7.7,21.98,9.826,1.02,avoidable,inf
run_0144,SAC_v3_1600k,22.0,120.0,1.8,left,far,3.0,4.0,2.5,ClearSunset,True,False,full_stop,12.283,1.881,408.16,7.94,21.98,9.825,1.06,avoidable,inf
run_0145,SAC_v3_1600k,22.0,120.0,1.8,left,far,3.0,4.0,5.0,ClearSunset,True,False,full_stop,12.88,1.898,408.16,7.84,21.98,9.825,0.96,avoidable,inf
run_0152,SAC_v3_1600k,22.0,120.0,1.8,left,far,3.5,4.0,2.5,ClearSunset,True,False,full_stop,15.459,2.566,408.16,7.89,21.96,9.819,1.54,avoidable,inf
run_0153,SAC_v3_1600k,22.0,120.0,1.8,left,far,3.5,4.0,5.0,ClearSunset,True,False,full_stop,18.639,2.567,408.16,8.18,21.96,9.819,1.04,avoidable,inf
run_0160,SAC_v3_1600k,28.0,60.0,1.8,left,near,1.8,4.0,2.5,ClearSunset,True,True,collision,2.659,0.389,408.16,12.78,27.69,12.378,,borderline-avoidable,0.15
run_0161,SAC_v3_1600k,28.0,60.0,1.8,left,near,1.8,4.0,5.0,ClearSunset,True,True,collision,2.652,0.388,408.16,12.76,27.69,12.378,,borderline-avoidable,0.15
run_0168,SAC_v3_1600k,28.0,60.0,1.8,left,near,2.2,4.0,2.5,ClearSunset,True,False,full_stop,6.487,1.137,408.16,16.46,27.66,12.364,1.32,borderline-avoidable,5.16
run_0169,SAC_v3_1600k,28.0,60.0,1.8,left,near,2.2,4.0,5.0,ClearSunset,True,False,full_stop,6.462,1.131,408.16,16.39,27.66,12.364,1.32,borderline-avoidable,5.16
run_0176,SAC_v3_1600k,28.0,60.0,1.8,left,near,2.6,4.0,2.5,ClearSunset,True,False,full_stop,8.521,1.411,408.16,17.24,27.65,12.359,1.32,avoidable,10.16
run_0177,SAC_v3_1600k,28.0,60.0,1.8,left,near,2.6,4.0,5.0,ClearSunset,True,False,full_stop,8.623,1.41,408.16,17.06,27.65,12.359,1.3,avoidable,10.16
run_0184,SAC_v3_1600k,28.0,60.0,1.8,left,near,3.0,4.0,2.5,ClearSunset,True,False,full_stop,15.037,2.057,408.16,18.93,27.59,12.336,1.42,avoidable,15.17
run_0185,SAC_v3_1600k,28.0,60.0,1.8,left,near,3.0,4.0,5.0,ClearSunset,True,False,full_stop,15.971,2.075,408.16,19.2,27.59,12.336,1.3,avoidable,15.17
run_0192,SAC_v3_1600k,28.0,60.0,1.8,left,near,3.5,4.0,2.5,ClearSunset,True,False,full_stop,21.054,2.554,408.16,20.58,27.6,12.338,1.38,avoidable,21.43
run_0193,SAC_v3_1600k,28.0,60.0,1.8,left,near,3.5,4.0,5.0,ClearSunset,True,False,full_stop,21.373,2.554,408.16,20.92,27.6,12.338,1.34,avoidable,21.43
run_0200,SAC_v3_1600k,28.0,60.0,1.8,left,far,1.8,4.0,2.5,ClearSunset,True,False,full_stop,2.01,0.343,408.16,15.16,27.69,12.378,1.46,borderline-avoidable,0.15
run_0201,SAC_v3_1600k,28.0,60.0,1.8,left,far,1.8,4.0,5.0,ClearSunset,True,False,full_stop,2.07,0.343,408.16,15.0,27.69,12.378,1.42,borderline-avoidable,0.15
run_0208,SAC_v3_1600k,28.0,60.0,1.8,left,far,2.2,4.0,2.5,ClearSunset,True,False,full_stop,6.522,1.137,408.16,16.46,27.66,12.364,1.32,avoidable,inf
run_0209,SAC_v3_1600k,28.0,60.0,1.8,left,far,2.2,4.0,5.0,ClearSunset,True,False,full_stop,6.498,1.131,408.16,16.39,27.66,12.364,1.32,avoidable,inf
run_0216,SAC_v3_1600k,28.0,60.0,1.8,left,far,2.6,4.0,2.5,ClearSunset,True,False,full_stop,8.595,1.411,408.16,17.24,27.65,12.359,1.32,avoidable,inf
run_0217,SAC_v3_1600k,28.0,60.0,1.8,left,far,2.6,4.0,5.0,ClearSunset,True,False,full_stop,8.691,1.41,408.16,17.06,27.65,12.359,1.3,avoidable,inf
run_0224,SAC_v3_1600k,28.0,60.0,1.8,left,far,3.0,4.0,2.5,ClearSunset,True,False,full_stop,15.065,2.057,408.16,18.94,27.59,12.336,1.42,avoidable,inf
run_0225,SAC_v3_1600k,28.0,60.0,1.8,left,far,3.0,4.0,5.0,ClearSunset,True,False,full_stop,15.986,2.075,408.16,19.21,27.59,12.336,1.3,avoidable,inf
run_0232,SAC_v3_1600k,28.0,60.0,1.8,left,far,3.5,4.0,2.5,ClearSunset,True,False,full_stop,20.993,2.554,408.16,20.77,27.6,12.338,1.4,avoidable,inf
run_0233,SAC_v3_1600k,28.0,60.0,1.8,left,far,3.5,4.0,5.0,ClearSunset,True,False,full_stop,21.511,2.554,408.16,20.71,27.6,12.338,1.32,avoidable,inf
run_0240,SAC_v3_1600k,28.0,120.0,1.8,left,near,1.8,4.0,2.5,ClearSunset,True,True,collision,2.694,0.419,408.16,7.19,27.92,12.48,,borderline-avoidable,0.15
run_0241,SAC_v3_1600k,28.0,120.0,1.8,left,near,1.8,4.0,5.0,ClearSunset,True,True,collision,2.688,0.414,408.16,7.17,27.92,12.48,,borderline-avoidable,0.15
run_0248,SAC_v3_1600k,28.0,120.0,1.8,left,near,2.2,4.0,2.5,ClearSunset,True,False,full_stop,5.798,1.037,408.16,9.18,27.91,12.477,1.4,borderline-avoidable,5.16
run_0249,SAC_v3_1600k,28.0,120.0,1.8,left,near,2.2,4.0,5.0,ClearSunset,True,False,full_stop,5.783,1.035,408.16,9.15,27.91,12.477,1.4,borderline-avoidable,5.16
run_0256,SAC_v3_1600k,28.0,120.0,1.8,left,near,2.6,4.0,2.5,ClearSunset,True,False,full_stop,8.355,1.397,408.16,9.42,27.91,12.475,1.34,avoidable,10.16
run_0257,SAC_v3_1600k,28.0,120.0,1.8,left,near,2.6,4.0,5.0,ClearSunset,True,False,full_stop,8.455,1.396,408.16,9.5,27.91,12.475,1.32,avoidable,10.16
run_0264,SAC_v3_1600k,28.0,120.0,1.8,left,near,3.0,4.0,2.5,ClearSunset,True,False,full_stop,14.624,2.047,408.16,9.88,27.88,12.464,1.48,avoidable,15.17
run_0265,SAC_v3_1600k,28.0,120.0,1.8,left,near,3.0,4.0,5.0,ClearSunset,True,False,full_stop,15.681,2.062,408.16,10.03,27.88,12.464,1.34,avoidable,15.17
run_0272,SAC_v3_1600k,28.0,120.0,1.8,left,near,3.5,4.0,2.5,ClearSunset,True,False,full_stop,15.691,2.194,408.16,9.8,27.87,12.46,1.52,avoidable,21.43
run_0273,SAC_v3_1600k,28.0,120.0,1.8,left,near,3.5,4.0,5.0,ClearSunset,True,False,full_stop,16.222,2.194,408.16,10.0,27.87,12.46,1.44,avoidable,21.43
run_0280,SAC_v3_1600k,28.0,120.0,1.8,left,far,1.8,4.0,2.5,ClearSunset,True,False,full_stop,2.207,0.369,408.16,8.76,27.92,12.48,1.46,borderline-avoidable,0.15
run_0281,SAC_v3_1600k,28.0,120.0,1.8,left,far,1.8,4.0,5.0,ClearSunset,True,False,full_stop,2.201,0.367,408.16,8.71,27.92,12.48,1.46,borderline-avoidable,0.15
run_0288,SAC_v3_1600k,28.0,120.0,1.8,left,far,2.2,4.0,2.5,ClearSunset,True,False,full_stop,5.856,1.038,408.16,9.18,27.91,12.477,1.4,avoidable,inf
run_0289,SAC_v3_1600k,28.0,120.0,1.8,left,far,2.2,4.0,5.0,ClearSunset,True,False,full_stop,5.842,1.037,408.16,9.15,27.91,12.477,1.4,avoidable,inf
run_0296,SAC_v3_1600k,28.0,120.0,1.8,left,far,2.6,4.0,2.5,ClearSunset,True,False,full_stop,8.435,1.397,408.16,9.42,27.91,12.475,1.34,avoidable,inf
run_0297,SAC_v3_1600k,28.0,120.0,1.8,left,far,2.6,4.0,5.0,ClearSunset,True,False,full_stop,8.532,1.396,408.16,9.51,27.91,12.475,1.32,avoidable,inf
run_0304,SAC_v3_1600k,28.0,120.0,1.8,left,far,3.0,4.0,2.5,ClearSunset,True,False,full_stop,14.665,2.047,408.16,9.88,27.88,12.464,1.48,avoidable,inf
run_0305,SAC_v3_1600k,28.0,120.0,1.8,left,far,3.0,4.0,5.0,ClearSunset,True,False,full_stop,15.702,2.062,408.16,10.03,27.88,12.464,1.34,avoidable,inf
run_0312,SAC_v3_1600k,28.0,120.0,1.8,left,far,3.5,4.0,2.5,ClearSunset,True,False,full_stop,16.72,2.194,408.16,10.05,27.87,12.46,1.42,avoidable,inf
run_0313,SAC_v3_1600k,28.0,120.0,1.8,left,far,3.5,4.0,5.0,ClearSunset,True,False,full_stop,17.066,2.194,408.16,10.1,27.87,12.46,1.36,avoidable,inf
run_0320,SAC_v3_1600k,35.0,60.0,1.8,left,near,1.8,4.0,2.5,ClearSunset,True,True,collision,2.658,0.31,408.16,15.0,34.43,15.392,,borderline-impossible,-6.81
run_0321,SAC_v3_1600k,35.0,60.0,1.8,left,near,1.8,4.0,5.0,ClearSunset,True,True,collision,2.657,0.318,408.16,15.08,34.43,15.392,,borderline-impossible,-6.81
run_0328,SAC_v3_1600k,35.0,60.0,1.8,left,near,2.2,4.0,2.5,ClearSunset,True,True,collision,2.675,0.452,408.16,14.54,34.4,15.377,,borderline-impossible,-0.55
run_0329,SAC_v3_1600k,35.0,60.0,1.8,left,near,2.2,4.0,5.0,ClearSunset,True,True,collision,2.676,0.452,408.16,14.55,34.4,15.377,,borderline-impossible,-0.55
run_0336,SAC_v3_1600k,35.0,60.0,1.8,left,near,2.6,4.0,2.5,ClearSunset,True,False,full_stop,10.139,1.561,408.16,19.33,34.28,15.324,1.76,borderline-avoidable,5.71
run_0337,SAC_v3_1600k,35.0,60.0,1.8,left,near,2.6,4.0,5.0,ClearSunset,True,False,full_stop,10.697,1.59,408.16,19.29,34.28,15.324,1.7,borderline-avoidable,5.71
run_0344,SAC_v3_1600k,35.0,60.0,1.8,left,near,3.0,4.0,2.5,ClearSunset,True,False,full_stop,10.175,1.564,408.16,19.44,34.28,15.324,1.76,avoidable,11.97
run_0345,SAC_v3_1600k,35.0,60.0,1.8,left,near,3.0,4.0,5.0,ClearSunset,True,False,full_stop,10.744,1.594,408.16,19.41,34.28,15.324,1.7,avoidable,11.97
run_0352,SAC_v3_1600k,35.0,60.0,1.8,left,near,3.5,4.0,2.5,ClearSunset,True,False,full_stop,11.375,1.685,408.16,19.24,34.14,15.26,1.78,avoidable,19.79
run_0353,SAC_v3_1600k,35.0,60.0,1.8,left,near,3.5,4.0,5.0,ClearSunset,True,False,full_stop,12.003,1.713,408.16,19.76,34.14,15.26,1.72,avoidable,19.79
run_0360,SAC_v3_1600k,35.0,60.0,1.8,left,far,1.8,4.0,2.5,ClearSunset,True,False,slowed_avoided,1.795,0.264,408.16,7.29,34.43,15.392,,borderline-impossible,-6.81
run_0361,SAC_v3_1600k,35.0,60.0,1.8,left,far,1.8,4.0,5.0,ClearSunset,True,False,slowed_avoided,1.805,0.273,408.16,7.5,34.43,15.392,,borderline-impossible,-6.81
run_0368,SAC_v3_1600k,35.0,60.0,1.8,left,far,2.2,4.0,2.5,ClearSunset,True,False,full_stop,2.284,0.483,408.16,17.15,34.4,15.377,1.86,avoidable,inf
run_0369,SAC_v3_1600k,35.0,60.0,1.8,left,far,2.2,4.0,5.0,ClearSunset,True,False,full_stop,2.283,0.482,408.16,17.17,34.4,15.377,1.86,avoidable,inf
run_0376,SAC_v3_1600k,35.0,60.0,1.8,left,far,2.6,4.0,2.5,ClearSunset,True,False,full_stop,10.262,1.561,408.16,19.32,34.28,15.324,1.76,avoidable,inf
run_0377,SAC_v3_1600k,35.0,60.0,1.8,left,far,2.6,4.0,5.0,ClearSunset,True,False,full_stop,10.798,1.59,408.16,19.28,34.28,15.324,1.7,avoidable,inf
run_0384,SAC_v3_1600k,35.0,60.0,1.8,left,far,3.0,4.0,2.5,ClearSunset,True,False,full_stop,10.362,1.564,408.16,19.44,34.28,15.324,1.76,avoidable,inf
run_0385,SAC_v3_1600k,35.0,60.0,1.8,left,far,3.0,4.0,5.0,ClearSunset,True,False,full_stop,10.901,1.594,408.16,19.4,34.28,15.324,1.7,avoidable,inf
run_0392,SAC_v3_1600k,35.0,60.0,1.8,left,far,3.5,4.0,2.5,ClearSunset,True,False,full_stop,11.675,1.696,408.16,19.21,34.14,15.26,1.78,avoidable,inf
run_0393,SAC_v3_1600k,35.0,60.0,1.8,left,far,3.5,4.0,5.0,ClearSunset,True,False,full_stop,12.415,1.725,408.16,19.81,34.14,15.26,1.7,avoidable,inf
run_0400,SAC_v3_1600k,35.0,120.0,1.8,left,near,1.8,4.0,2.5,ClearSunset,True,True,collision,2.636,0.301,408.16,8.65,34.78,15.547,,borderline-impossible,-6.81
run_0401,SAC_v3_1600k,35.0,120.0,1.8,left,near,1.8,4.0,5.0,ClearSunset,True,True,collision,2.636,0.288,408.16,8.7,34.78,15.547,,borderline-impossible,-6.81
run_0408,SAC_v3_1600k,35.0,120.0,1.8,left,near,2.2,4.0,2.5,ClearSunset,True,True,collision,2.624,0.422,408.16,8.63,34.76,15.539,,borderline-impossible,-0.55
run_0409,SAC_v3_1600k,35.0,120.0,1.8,left,near,2.2,4.0,5.0,ClearSunset,True,True,collision,2.668,0.43,408.16,8.65,34.76,15.539,,borderline-impossible,-0.55
run_0416,SAC_v3_1600k,35.0,120.0,1.8,left,near,2.6,4.0,2.5,ClearSunset,True,False,full_stop,8.961,1.465,408.16,11.06,34.72,15.523,1.78,borderline-avoidable,5.71
run_0417,SAC_v3_1600k,35.0,120.0,1.8,left,near,2.6,4.0,5.0,ClearSunset,True,False,full_stop,9.406,1.498,408.16,11.05,34.72,15.523,1.74,borderline-avoidable,5.71
run_0424,SAC_v3_1600k,35.0,120.0,1.8,left,near,3.0,4.0,2.5,ClearSunset,True,False,full_stop,10.148,1.579,408.16,11.23,34.71,15.518,1.82,avoidable,11.97
run_0425,SAC_v3_1600k,35.0,120.0,1.8,left,near,3.0,4.0,5.0,ClearSunset,True,False,full_stop,10.557,1.592,408.16,11.22,34.71,15.518,1.76,avoidable,11.97
run_0432,SAC_v3_1600k,35.0,120.0,1.8,left,near,3.5,4.0,2.5,ClearSunset,True,False,full_stop,15.45,2.143,408.16,11.32,34.67,15.501,2.0,avoidable,19.79
run_0433,SAC_v3_1600k,35.0,120.0,1.8,left,near,3.5,4.0,5.0,ClearSunset,True,False,full_stop,15.721,2.13,408.16,11.3,34.67,15.501,1.92,avoidable,19.79
run_0440,SAC_v3_1600k,35.0,120.0,1.8,left,far,1.8,4.0,2.5,ClearSunset,True,False,slowed_avoided,1.781,0.248,408.16,5.69,34.78,15.547,,borderline-impossible,-6.81
run_0441,SAC_v3_1600k,35.0,120.0,1.8,left,far,1.8,4.0,5.0,ClearSunset,True,False,slowed_avoided,1.779,0.248,408.16,5.78,34.78,15.547,,borderline-impossible,-6.81
run_0448,SAC_v3_1600k,35.0,120.0,1.8,left,far,2.2,4.0,2.5,ClearSunset,True,False,full_stop,2.124,0.448,408.16,10.39,34.76,15.539,,avoidable,inf
run_0449,SAC_v3_1600k,35.0,120.0,1.8,left,far,2.2,4.0,5.0,ClearSunset,True,False,full_stop,2.139,0.455,408.16,10.43,34.76,15.539,,avoidable,inf
run_0456,SAC_v3_1600k,35.0,120.0,1.8,left,far,2.6,4.0,2.5,ClearSunset,True,False,full_stop,9.117,1.465,408.16,11.06,34.72,15.523,1.78,avoidable,inf
run_0457,SAC_v3_1600k,35.0,120.0,1.8,left,far,2.6,4.0,5.0,ClearSunset,True,False,full_stop,9.542,1.497,408.16,11.05,34.72,15.523,1.74,avoidable,inf
run_0464,SAC_v3_1600k,35.0,120.0,1.8,left,far,3.0,4.0,2.5,ClearSunset,True,False,full_stop,10.248,1.568,408.16,10.94,34.71,15.518,,avoidable,inf
run_0465,SAC_v3_1600k,35.0,120.0,1.8,left,far,3.0,4.0,5.0,ClearSunset,True,False,full_stop,10.406,1.579,408.16,10.97,34.71,15.518,,avoidable,inf
run_0472,SAC_v3_1600k,35.0,120.0,1.8,left,far,3.5,4.0,2.5,ClearSunset,True,False,full_stop,17.174,2.143,408.16,10.05,34.67,15.501,,avoidable,inf
run_0473,SAC_v3_1600k,35.0,120.0,1.8,left,far,3.5,4.0,5.0,ClearSunset,True,False,full_stop,17.004,2.131,408.16,9.39,34.67,15.501,,avoidable,inf
run_0480,SAC_v3_1600k,40.0,60.0,1.8,left,near,1.8,4.0,2.5,ClearSunset,True,True,collision,2.638,0.28,408.16,15.93,39.31,17.575,,impossible,-13.49
run_0481,SAC_v3_1600k,40.0,60.0,1.8,left,near,1.8,4.0,5.0,ClearSunset,True,True,collision,2.643,0.296,408.16,15.87,39.31,17.575,,impossible,-13.49
run_0488,SAC_v3_1600k,40.0,60.0,1.8,left,near,2.2,4.0,2.5,ClearSunset,True,True,collision,2.659,0.323,408.16,15.84,39.21,17.528,,borderline-impossible,-6.34
run_0489,SAC_v3_1600k,40.0,60.0,1.8,left,near,2.2,4.0,5.0,ClearSunset,True,True,collision,2.699,0.327,408.16,15.99,39.21,17.528,,borderline-impossible,-6.34
run_0496,SAC_v3_1600k,40.0,60.0,1.8,left,near,2.6,4.0,2.5,ClearSunset,True,False,full_stop,5.737,1.032,408.16,17.78,38.84,17.363,2.0,borderline-avoidable,0.81
run_0497,SAC_v3_1600k,40.0,60.0,1.8,left,near,2.6,4.0,5.0,ClearSunset,True,False,full_stop,6.386,1.111,408.16,17.68,38.84,17.363,1.92,borderline-avoidable,0.81
run_0504,SAC_v3_1600k,40.0,60.0,1.8,left,near,3.0,4.0,2.5,ClearSunset,True,False,full_stop,5.758,1.039,408.16,17.79,38.94,17.406,2.02,borderline-avoidable,7.97
run_0505,SAC_v3_1600k,40.0,60.0,1.8,left,near,3.0,4.0,5.0,ClearSunset,True,False,full_stop,6.198,1.089,408.16,17.53,38.94,17.406,1.96,borderline-avoidable,7.97
run_0512,SAC_v3_1600k,40.0,60.0,1.8,left,near,3.5,4.0,2.5,ClearSunset,True,False,full_stop,5.98,1.071,408.16,17.88,38.84,17.363,1.98,avoidable,16.91
run_0513,SAC_v3_1600k,40.0,60.0,1.8,left,near,3.5,4.0,5.0,ClearSunset,True,False,full_stop,6.452,1.126,408.16,17.7,38.84,17.363,1.92,avoidable,16.91
run_0520,SAC_v3_1600k,40.0,60.0,1.8,left,far,1.8,4.0,2.5,ClearSunset,True,False,slowed_avoided,1.735,0.24,408.16,7.32,39.31,17.575,,impossible,-13.49
run_0521,SAC_v3_1600k,40.0,60.0,1.8,left,far,1.8,4.0,5.0,ClearSunset,True,False,slowed_avoided,1.759,0.252,408.16,7.44,39.31,17.575,,impossible,-13.49
run_0528,SAC_v3_1600k,40.0,60.0,1.8,left,far,2.2,4.0,2.5,ClearSunset,True,False,full_stop,1.763,0.332,408.16,14.49,39.21,17.528,,avoidable,inf
run_0529,SAC_v3_1600k,40.0,60.0,1.8,left,far,2.2,4.0,5.0,ClearSunset,True,False,full_stop,1.769,0.336,408.16,14.56,39.21,17.528,,avoidable,inf
run_0536,SAC_v3_1600k,40.0,60.0,1.8,left,far,2.6,4.0,2.5,ClearSunset,True,False,full_stop,6.049,1.061,408.16,17.78,38.84,17.363,2.0,avoidable,inf
run_0537,SAC_v3_1600k,40.0,60.0,1.8,left,far,2.6,4.0,5.0,ClearSunset,True,False,full_stop,6.633,1.129,408.16,17.68,38.84,17.363,1.92,avoidable,inf
run_0544,SAC_v3_1600k,40.0,60.0,1.8,left,far,3.0,4.0,2.5,ClearSunset,True,False,full_stop,6.227,1.079,408.16,17.43,38.94,17.406,,avoidable,inf
run_0545,SAC_v3_1600k,40.0,60.0,1.8,left,far,3.0,4.0,5.0,ClearSunset,True,False,full_stop,6.564,1.12,408.16,17.54,38.94,17.406,1.96,avoidable,inf
run_0552,SAC_v3_1600k,40.0,60.0,1.8,left,far,3.5,4.0,2.5,ClearSunset,True,False,full_stop,6.882,1.122,408.16,14.38,38.84,17.363,,avoidable,inf
run_0553,SAC_v3_1600k,40.0,60.0,1.8,left,far,3.5,4.0,5.0,ClearSunset,True,False,full_stop,7.066,1.158,408.16,15.09,38.84,17.363,,avoidable,inf
run_0560,SAC_v3_1600k,40.0,120.0,1.8,left,near,1.8,4.0,2.5,ClearSunset,True,True,collision,2.659,0.28,408.16,9.57,39.65,17.727,,impossible,-13.49
run_0561,SAC_v3_1600k,40.0,120.0,1.8,left,near,1.8,4.0,5.0,ClearSunset,True,True,collision,2.662,0.278,408.16,9.6,39.65,17.727,,impossible,-13.49
run_0568,SAC_v3_1600k,40.0,120.0,1.8,left,near,2.2,4.0,2.5,ClearSunset,True,True,collision,2.593,0.347,408.16,9.58,39.63,17.718,,borderline-impossible,-6.34
run_0569,SAC_v3_1600k,40.0,120.0,1.8,left,near,2.2,4.0,5.0,ClearSunset,True,True,collision,2.61,0.357,408.16,9.62,39.63,17.718,,borderline-impossible,-6.34
run_0576,SAC_v3_1600k,40.0,120.0,1.8,left,near,2.6,4.0,2.5,ClearSunset,True,False,full_stop,4.318,0.815,408.16,11.75,39.6,17.702,2.14,borderline-avoidable,0.81
run_0577,SAC_v3_1600k,40.0,120.0,1.8,left,near,2.6,4.0,5.0,ClearSunset,True,False,full_stop,4.913,0.903,408.16,11.73,39.6,17.702,2.08,borderline-avoidable,0.81
run_0584,SAC_v3_1600k,40.0,120.0,1.8,left,near,3.0,4.0,2.5,ClearSunset,True,False,full_stop,9.383,1.504,408.16,12.12,39.57,17.69,2.1,borderline-avoidable,7.97
run_0585,SAC_v3_1600k,40.0,120.0,1.8,left,near,3.0,4.0,5.0,ClearSunset,True,False,full_stop,9.762,1.528,408.16,12.22,39.57,17.69,2.06,borderline-avoidable,7.97
run_0592,SAC_v3_1600k,40.0,120.0,1.8,left,near,3.5,4.0,2.5,ClearSunset,True,False,full_stop,9.446,1.513,408.16,12.2,39.57,17.69,2.1,avoidable,16.91
run_0593,SAC_v3_1600k,40.0,120.0,1.8,left,near,3.5,4.0,5.0,ClearSunset,True,False,full_stop,9.816,1.535,408.16,12.09,39.57,17.69,2.06,avoidable,16.91
run_0600,SAC_v3_1600k,40.0,120.0,1.8,left,far,1.8,4.0,2.5,ClearSunset,True,False,slowed_avoided,1.733,0.227,408.16,5.99,39.65,17.727,,impossible,-13.49
run_0601,SAC_v3_1600k,40.0,120.0,1.8,left,far,1.8,4.0,5.0,ClearSunset,True,False,slowed_avoided,1.724,0.223,408.16,5.96,39.65,17.727,,impossible,-13.49
run_0608,SAC_v3_1600k,40.0,120.0,1.8,left,far,2.2,4.0,2.5,ClearSunset,True,False,full_stop,1.943,0.364,408.16,9.22,39.63,17.718,,avoidable,inf
run_0609,SAC_v3_1600k,40.0,120.0,1.8,left,far,2.2,4.0,5.0,ClearSunset,True,False,full_stop,1.993,0.376,408.16,9.28,39.63,17.718,,avoidable,inf
run_0616,SAC_v3_1600k,40.0,120.0,1.8,left,far,2.6,4.0,2.5,ClearSunset,True,False,full_stop,5.476,0.944,408.16,9.51,39.6,17.702,,avoidable,inf
run_0617,SAC_v3_1600k,40.0,120.0,1.8,left,far,2.6,4.0,5.0,ClearSunset,True,False,full_stop,5.726,0.994,408.16,9.92,39.6,17.702,,avoidable,inf
run_0624,SAC_v3_1600k,40.0,120.0,1.8,left,far,3.0,4.0,2.5,ClearSunset,True,False,full_stop,10.841,1.533,408.16,9.91,39.57,17.69,,avoidable,inf
run_0625,SAC_v3_1600k,40.0,120.0,1.8,left,far,3.0,4.0,5.0,ClearSunset,True,False,full_stop,11.03,1.561,408.16,9.9,39.57,17.69,,avoidable,inf
run_0632,SAC_v3_1600k,40.0,120.0,1.8,left,far,3.5,4.0,2.5,ClearSunset,True,False,full_stop,14.599,1.517,408.16,10.33,39.57,17.69,,avoidable,inf
run_0633,SAC_v3_1600k,40.0,120.0,1.8,left,far,3.5,4.0,5.0,ClearSunset,True,False,full_stop,14.739,1.55,408.16,10.38,39.57,17.69,,avoidable,inf
run_0640,SAC_v3_1600k,45.0,60.0,1.8,left,near,1.8,4.0,2.5,ClearSunset,True,True,collision,2.505,0.228,408.16,15.25,43.37,19.388,,impossible,-21.6
run_0641,SAC_v3_1600k,45.0,60.0,1.8,left,near,1.8,4.0,5.0,ClearSunset,True,True,collision,2.507,0.229,408.16,15.26,43.37,19.388,,impossible,-21.6
run_0648,SAC_v3_1600k,45.0,60.0,1.8,left,near,2.2,4.0,2.5,ClearSunset,True,True,collision,2.504,0.228,408.16,15.25,43.37,19.388,,impossible,-13.56
run_0649,SAC_v3_1600k,45.0,60.0,1.8,left,near,2.2,4.0,5.0,ClearSunset,True,True,collision,2.505,0.228,408.16,15.26,43.37,19.388,,impossible,-13.56
run_0656,SAC_v3_1600k,45.0,60.0,1.8,left,near,2.6,4.0,2.5,ClearSunset,True,True,collision,2.592,0.275,408.16,14.49,45.97,20.552,,borderline-impossible,-5.51
run_0657,SAC_v3_1600k,45.0,60.0,1.8,left,near,2.6,4.0,5.0,ClearSunset,True,True,collision,2.628,0.265,408.16,14.61,45.97,20.552,,borderline-impossible,-5.51
run_0664,SAC_v3_1600k,45.0,60.0,1.8,left,near,3.0,4.0,2.5,ClearSunset,True,True,collision,2.638,0.293,408.16,14.51,45.66,20.41,,borderline-avoidable,2.54
run_0665,SAC_v3_1600k,45.0,60.0,1.8,left,near,3.0,4.0,5.0,ClearSunset,True,True,collision,2.647,0.284,408.16,14.48,45.66,20.41,,borderline-avoidable,2.54
run_0672,SAC_v3_1600k,45.0,60.0,1.8,left,near,3.5,4.0,2.5,ClearSunset,True,True,collision,2.584,0.274,408.16,14.49,46.1,20.607,,avoidable,12.6
run_0673,SAC_v3_1600k,45.0,60.0,1.8,left,near,3.5,4.0,5.0,ClearSunset,True,True,collision,2.625,0.266,408.16,14.43,46.1,20.607,,avoidable,12.6
run_0680,SAC_v3_1600k,45.0,60.0,1.8,left,far,1.8,4.0,2.5,ClearSunset,True,True,collision,2.496,0.228,408.16,15.33,43.37,19.388,,impossible,-21.6
run_0681,SAC_v3_1600k,45.0,60.0,1.8,left,far,1.8,4.0,5.0,ClearSunset,True,True,collision,2.497,0.228,408.16,15.35,43.37,19.388,,impossible,-21.6
run_0688,SAC_v3_1600k,45.0,60.0,1.8,left,far,2.2,4.0,2.5,ClearSunset,True,False,slowed_avoided,1.684,0.228,408.16,6.91,43.37,19.388,,avoidable,inf
run_0689,SAC_v3_1600k,45.0,60.0,1.8,left,far,2.2,4.0,5.0,ClearSunset,True,False,slowed_avoided,1.684,0.228,408.16,6.91,43.37,19.388,,avoidable,inf
run_0696,SAC_v3_1600k,45.0,60.0,1.8,left,far,2.6,4.0,2.5,ClearSunset,True,False,full_stop,1.712,0.284,408.16,13.43,45.97,20.552,,avoidable,inf
run_0697,SAC_v3_1600k,45.0,60.0,1.8,left,far,2.6,4.0,5.0,ClearSunset,True,False,full_stop,1.721,0.247,408.16,13.47,45.97,20.552,,avoidable,inf
run_0704,SAC_v3_1600k,45.0,60.0,1.8,left,far,3.0,4.0,2.5,ClearSunset,True,False,full_stop,2.009,0.313,408.16,13.74,45.66,20.41,,avoidable,inf
run_0705,SAC_v3_1600k,45.0,60.0,1.8,left,far,3.0,4.0,5.0,ClearSunset,True,False,full_stop,1.944,0.224,408.16,13.48,45.66,20.41,,avoidable,inf
run_0712,SAC_v3_1600k,45.0,60.0,1.8,left,far,3.5,4.0,2.5,ClearSunset,True,False,full_stop,2.262,0.305,408.16,14.0,46.1,20.607,,avoidable,inf
run_0713,SAC_v3_1600k,45.0,60.0,1.8,left,far,3.5,4.0,5.0,ClearSunset,True,False,full_stop,2.208,0.29,408.16,13.93,46.1,20.607,,avoidable,inf
run_0720,SAC_v3_1600k,45.0,120.0,1.8,left,near,1.8,4.0,2.5,ClearSunset,True,True,collision,2.67,0.211,408.16,10.44,44.51,19.899,,impossible,-21.6
run_0721,SAC_v3_1600k,45.0,120.0,1.8,left,near,1.8,4.0,5.0,ClearSunset,True,True,collision,2.682,0.212,408.16,10.48,44.51,19.899,,impossible,-21.6
run_0728,SAC_v3_1600k,45.0,120.0,1.8,left,near,2.2,4.0,2.5,ClearSunset,True,True,collision,2.611,0.346,408.16,10.34,44.45,19.872,,impossible,-13.56
run_0729,SAC_v3_1600k,45.0,120.0,1.8,left,near,2.2,4.0,5.0,ClearSunset,True,True,collision,2.586,0.351,408.16,10.37,44.45,19.872,,impossible,-13.56
run_0736,SAC_v3_1600k,45.0,120.0,1.8,left,near,2.6,4.0,2.5,ClearSunset,True,True,collision,2.657,0.331,408.16,10.34,44.45,19.873,,borderline-impossible,-5.51
run_0737,SAC_v3_1600k,45.0,120.0,1.8,left,near,2.6,4.0,5.0,ClearSunset,True,True,collision,2.674,0.334,408.16,10.41,44.45,19.873,,borderline-impossible,-5.51
run_0744,SAC_v3_1600k,45.0,120.0,1.8,left,near,3.0,4.0,2.5,ClearSunset,True,False,full_stop,3.413,0.662,408.16,12.35,44.41,19.855,2.44,borderline-avoidable,2.54
run_0745,SAC_v3_1600k,45.0,120.0,1.8,left,near,3.0,4.0,5.0,ClearSunset,True,False,full_stop,3.588,0.687,408.16,12.39,44.41,19.855,2.42,borderline-avoidable,2.54
run_0752,SAC_v3_1600k,45.0,120.0,1.8,left,near,3.5,4.0,2.5,ClearSunset,True,False,full_stop,5.055,0.941,408.16,12.43,44.39,19.846,2.48,avoidable,12.6
run_0753,SAC_v3_1600k,45.0,120.0,1.8,left,near,3.5,4.0,5.0,ClearSunset,True,False,full_stop,5.816,1.029,408.16,12.47,44.39,19.846,2.38,avoidable,12.6
run_0760,SAC_v3_1600k,45.0,120.0,1.8,left,far,1.8,4.0,2.5,ClearSunset,True,False,slowed_avoided,1.678,0.21,408.16,6.2,44.51,19.899,,impossible,-21.6
run_0761,SAC_v3_1600k,45.0,120.0,1.8,left,far,1.8,4.0,5.0,ClearSunset,True,False,slowed_avoided,1.679,0.211,408.16,6.2,44.51,19.899,,impossible,-21.6
run_0768,SAC_v3_1600k,45.0,120.0,1.8,left,far,2.2,4.0,2.5,ClearSunset,True,False,full_stop,2.126,0.369,408.16,9.99,44.45,19.872,,avoidable,inf
run_0769,SAC_v3_1600k,45.0,120.0,1.8,left,far,2.2,4.0,5.0,ClearSunset,True,False,full_stop,2.166,0.377,408.16,10.04,44.45,19.872,,avoidable,inf
run_0776,SAC_v3_1600k,45.0,120.0,1.8,left,far,2.6,4.0,2.5,ClearSunset,True,False,full_stop,2.955,0.471,408.16,10.36,44.45,19.873,,avoidable,inf
run_0777,SAC_v3_1600k,45.0,120.0,1.8,left,far,2.6,4.0,5.0,ClearSunset,True,False,full_stop,3.036,0.485,408.16,10.39,44.45,19.873,,avoidable,inf
run_0784,SAC_v3_1600k,45.0,120.0,1.8,left,far,3.0,4.0,2.5,ClearSunset,True,False,full_stop,8.852,1.05,408.16,10.82,44.41,19.855,,avoidable,inf
run_0785,SAC_v3_1600k,45.0,120.0,1.8,left,far,3.0,4.0,5.0,ClearSunset,True,False,full_stop,8.918,1.061,408.16,10.87,44.41,19.855,,avoidable,inf
run_0792,SAC_v3_1600k,45.0,120.0,1.8,left,far,3.5,4.0,2.5,ClearSunset,True,False,full_stop,14.981,1.378,408.16,11.43,44.39,19.846,,avoidable,inf
run_0793,SAC_v3_1600k,45.0,120.0,1.8,left,far,3.5,4.0,5.0,ClearSunset,True,False,full_stop,15.014,1.382,408.16,11.48,44.39,19.846,,avoidable,inf
